id,NoMonarch_Wild_261,NoMonarch_Wild_260,NoMonarch_Experiment_259,NoMonarch_Experiment_258,NoMonarch_Experiment_257,NoMonarch_Experiment_256,Monarch_Experiment_255,Monarch_Experiment_254,Monarch_Wild_253,Monarch_Wild_252,Monarch_Wild_251,Monarch_Wild_250,Monarch_Wild_249,Monarch_Wild_248
Bacteria.Actinobacteria,1.945,2.41768,0.0884,0.36162,0.25209000000000004,0.07458,0.28683000000000003,7.581189999999999,21.11265,7.765110000000001,26.757720000000003,1.55778,29.639509999999998,10.38925
Bacteria.Bacteroidetes,0,0,0,0.08864,0,0,0,0,0,16.805329999999998,0,0,0,0
Bacteria.Deferribacteres,0,0.97206,0.09639,0,0.10026,0,0.06559,0,0,2.10432,4.377269999999999,0,5.3524199999999995,0
Bacteria.Firmicutes,1.9298400000000002,94.58946,99.17851,29.75856,42.49808,90.10774,74.44031,87.80636,71.1508,58.85451,52.627390000000005,90.56730999999999,30.629959999999997,79.19636
Bacteria.Planctomycetes,0,0,0,0,0,0,0,0,0,0,0,0,1.89441,0
Bacteria.Proteobacteria,93.12314,0.33189,0,69.52213,56.71688,8.11233,23.88705,2.9098599999999997,1.53776,0.29641,2.39045,0.97051,0,0
Bacteria.Synergistetes,0.96245,0.80005,0.3685,0.13295,0.17414000000000002,0.10169,0.50685,0.63307,0.7421300000000001,1.84527,7.68271,0.51071,18.86235,5.47353
Bacteria.Tenericutes,0.46335,0.88885,0,0,0.13973,0.97914,0.8133699999999999,1.06952,0.59548,6.6627600000000005,6.16448,4.30272,13.62135,4.94086
